name0,name1
"Brenna","Roosevelt"
"Olene","Bishard"
"Man","Walken"
"Roscoe","Grillo"
"Sallie","Dobek"
"Mammie","Em"
"Stefani","Mccanless"
"Kristel","Locust"
"Margy","Kawata"
"Dino","Hartly"
"Annelle","Shrier"
"Elissa","Leitzel"
"Jeanie","Chilo"
"Yajaira","Clutts"
"Cherly","Jauch"
"Gerard","Battenhouse"
"Morris","Brigg"
"My","Herforth"
"Lang","Choquette"
"Shanice","Tillery"
"Janelle","Baskerville"
"Nicola","Schmauder"
"Odelia","Rogan"
"Margit","Schooner"
"Boyd","Reilley"
"Vito","Burnes"
"Roxanne","Wiemer"
"Cammy","Lancia"
"Deloise","Tugwell"
"Adriene","Cannella"
"Gaston","Macmurray"
"Berta","Rohrbacher"
"Tommie","Glen"
"Rosann","Mccaskill"
"Glennie","Ducan"
"Efren","Gaschke"
"Mariela","Rierson"
"Mika","Dahlka"
"Daria","Serrata"
"Tammy","Venditti"
"Fidelia","Toevs"
"Jackeline","Ringelspaugh"
"Rachell","Zahnke"
"Hien","Guerrette"
"Henry","Macioce"
"Dianna","Wonnacott"
"Madelaine","Luangxay"
"Nu","Giusti"
"Mathilda","Jira"
"Everett","Nesin"
